metric,mean,std,min,max
accuracy,0.9999680947458426,1.2412670766236366e-16,0.9999680947458427,0.9999680947458427
balanced_accuracy,0.9999674355714452,0.0,0.9999674355714452,0.9999674355714452
precision,0.9999475019686763,1.2412670766236366e-16,0.9999475019686762,0.9999475019686762
recall,0.999965000699986,0.0,0.999965000699986,0.999965000699986
f1,0.9999562512577762,1.2412670766236366e-16,0.9999562512577763,0.9999562512577763
macro_f1,0.9999655715837237,0.0,0.9999655715837237,0.9999655715837237
pr_auc,0.9999999973051754,5.890792414028434e-10,0.999999996325179,0.9999999978564108
roc_auc,0.9999999984533805,3.3806613472045897e-10,0.9999999978909733,0.9999999987697343
brier_score,2.2041902861714036e-05,3.2854880155712818e-06,1.8524521474124083e-05,2.7208830038038398e-05
false_positive_rate,3.0129557095510696e-05,0.0,3.0129557095510696e-05,3.0129557095510696e-05
ftp_attack_recall,1.0,0.0,1.0,1.0
ssh_attack_recall,0.9999289242688084,0.0,0.9999289242688084,0.9999289242688084
fit_seconds,161.2738770724,13.00327272964643,149.936873773,183.3424662179999
validation_inference_seconds,0.836670969599993,0.20765853350628027,0.7288473419999946,1.2075395630000116
batch_mean_microseconds_per_flow,5.338839986216885,1.3250796578881294,4.650811937669861,7.70537133249111
