scope,variant,quantization,batch_size,events,valid_count,valid_rate,mean_generation_effective_ms_per_event,p95_generation_effective_ms_per_event,p99_generation_effective_ms_per_event,mean_batch_wall_ms,throughput_events_per_second,full_pipeline_mean_ms_per_event,full_pipeline_p95_ms_per_event,mean_generated_tokens,mean_rouge_l,model_footprint_mb,peak_gpu_allocated_mb,meets_50ms_p95,error
pilot_validation_24,fp16_sdpa,fp16,1,24,24,1.0,2563.401754333346,3307.2941392001035,3357.2270535500306,2563.401754333346,0.39010662230746035,2565.327354333346,3309.2197392001035,80.16666666666667,1.0,942.29296875,972.5400390625,False,
pilot_validation_24,fp16_sdpa,fp16,4,24,24,1.0,700.9383651250118,838.1839314999979,838.1839314999979,2803.7534605000474,1.4266589614076135,702.8639651250118,840.1095314999978,80.16666666666667,1.0,942.29296875,1034.1748046875,False,
pilot_validation_24,fp16_sdpa,fp16,8,24,24,1.0,374.2769672500022,432.6404294999975,432.6404294999975,2994.2157380000176,2.6718181654283835,376.20256725000223,434.5660294999975,80.16666666666667,1.0,942.29296875,1116.8095703125,False,
pilot_validation_24,int8_bnb,int8,1,24,24,1.0,10791.380314749971,11795.69653020004,11832.257112239977,10791.380314749971,0.09266655152846119,10793.305914749972,11797.622130200041,80.16666666666667,1.0,601.04296875,632.54150390625,False,
pilot_validation_24,int8_bnb,int8,4,24,24,1.0,3194.6978483750095,3225.108919250033,3225.108919250033,12778.791393500038,0.31301864760345094,3196.6234483750095,3227.034519250033,80.16666666666667,1.0,601.04296875,694.17822265625,False,
pilot_validation_24,int8_bnb,int8,8,24,24,1.0,1607.0597236250042,1624.6251193750254,1624.6251193750254,12856.477789000033,0.6222544099010366,1608.9853236250042,1626.5507193750254,80.16666666666667,1.0,601.04296875,776.57177734375,False,
pilot_validation_24,nf4_bnb,nf4,1,24,24,1.0,3791.341755041657,4687.067994799838,4699.788648959939,3791.341755041657,0.2637588654914103,3793.267355041657,4688.993594799837,80.16666666666667,1.0,430.41796875,466.4541015625,False,
pilot_validation_24,nf4_bnb,nf4,4,24,24,1.0,980.7798599166612,1065.2138557499597,1065.2138557499597,3923.1194396666447,1.019596793193706,982.7054599166611,1067.1394557499598,80.16666666666667,1.0,430.41796875,528.2802734375,False,
pilot_validation_24,nf4_bnb,nf4,8,24,24,1.0,526.5356179583307,601.6685367499974,601.6685367499974,4212.284943666646,1.8992067504902177,528.4612179583306,603.5941367499973,80.16666666666667,1.0,430.41796875,610.2861328125,False,
